source1_entity_id	matched_entity_ids
S1-714132312	
S1-106407869	
S1-156285671	S3-871416040
S1-689823050	S2-65478038
S1-921369899	S2-107533354,S2-808920974,S3-285097097,S3-779830725,S3-974282260
S1-481669221	S2-284602321
S1-909865979	
S1-280204013	
S1-742053041	S2-317425677,S2-73207920,S3-415482884,S3-488222184
S1-913506265	S3-388866191,S3-739817217
S1-479574617	S2-985539429,S3-407377878
S1-680637447	S2-876151147,S3-261988229
S1-870190130	S3-756882787,S3-818367368
S1-365170694	S2-487943573,S3-223519390
S1-778640743	S2-484690984,S2-87750197,S2-933136796,S2-944021337,S3-467616579,S3-698916948
S1-378191895	
S1-684974736	S3-668113792,S3-894822385
S1-750279127	
S1-209281220	S3-893592109
S1-550154910	S2-43467331
S1-897975128	
S1-704604312	S2-448044955,S3-7278253
S1-628750886	S2-406813553,S2-696378102,S3-159214046,S3-734992856
S1-714038427	S2-9389075,S3-556092751
S1-426194890	S2-189578510,S2-206924199,S2-902791828
S1-122385784	S2-971113636
S1-540642140	
S1-123475953	S2-111933971,S2-598519962,S2-803364981,S3-577626649,S3-669730032
S1-444801830	S3-701255667
S1-502376041	S2-408714071,S2-54256234,S2-551281247
S1-594021398	S3-686916460
S1-261170522	S2-470996829
S1-466641145	S3-652998887
S1-99245709	S2-563728223,S3-140946557,S3-539394332
S1-339015166	S2-15078231
S1-614259237	S2-567665713,S3-625725294,S3-679231596
S1-385801270	
S1-334672926	S2-440961035,S2-947681751,S3-356701721
S1-717749279	S2-913195122
S1-564662660	S2-310193917,S2-989459301,S3-703576675
S1-41643447	S3-54250287
S1-581360597	
S1-946184931	
S1-244940399	S2-212658896,S2-747246542,S2-874696367,S3-882809411
S1-616465752	
S1-762904067	S2-820698936
S1-261476747	S2-300243886,S3-255859609
S1-874436225	
S1-816918307	S2-349475651,S2-627029064,S3-927534099
S1-52153457	S3-741596121
S1-867332501	
S1-969300060	S2-549617192,S3-986110458
S1-930501805	S2-898172629,S3-391330203,S3-479069612,S3-870972432
S1-474452362	
S1-802731895	S2-940583206
S1-39733947	S2-580478795,S3-620721706
S1-807424751	
S1-269499779	S2-316196173,S3-317413229
S1-574528784	S2-566724389,S2-589918119,S3-568322700,S3-658303321
S1-402621048	S3-564329292
S1-684202485	
S1-85238196	S3-84005391
S1-569369299	S2-138548353,S3-590336083,S3-909131114
S1-559615219	S2-859999503,S2-97021974,S3-612659931,S3-974804834
S1-684318101	S2-153662054,S2-589772735,S2-601773129,S3-118918213,S3-376522910,S3-394804953,S3-726929296
S1-503487168	S3-289438246
S1-967139755	S2-216102849,S3-404840337,S3-503832896,S3-570238412
S1-983819279	S2-994783866,S3-381086524,S3-894193993
S1-577269922	S2-505047958,S2-800580498,S2-81075825,S3-39683702
S1-87832748	S3-431394326
S1-295346696	
S1-252468250	S2-860072446,S3-94299676
S1-781801397	S3-161766887
S1-669434847	S2-181679408,S2-574183093,S2-82988694,S3-752438925
S1-570053103	S2-748158708,S3-331267501,S3-48785381
S1-736469556	S2-929901077
S1-483126440	S3-348709689,S3-484224228
S1-270951405	S2-278557322,S2-384230788,S3-602086739,S3-965953165
S1-520799361	S3-928740714
S1-81033582	S2-625290267
S1-56410032	S2-649252464
S1-518847572	S2-211488825
S1-776267063	S2-455205203,S2-810427923
S1-35309228	S2-987901283,S3-233063199,S3-453751428
S1-493139457	
S1-895087526	S2-129240365,S2-152220795,S2-256367139
S1-829126727	S3-481336163,S3-838499722
S1-457973373	S2-155002316
S1-74852342	S2-439306446,S2-543121965,S2-619331314,S2-724758025,S3-343503074,S3-738740483
S1-280936763	S2-429502844,S2-700631541
S1-999165514	
S1-395055615	S3-232538235,S3-242263311
S1-862701045	S2-884464240,S3-704009840
S1-674871004	S2-245011210
S1-287307821	S3-945922624
S1-273768056	
S1-323395452	S2-76783549
S1-4144001	S2-286059282,S2-98210788,S3-439654644
S1-512210875	S2-691991634,S3-998257097
S1-143287441	
S1-351656683	S2-788301924,S2-835954210
S1-83258310	
S1-126274111	S2-775330636,S3-789318535
S1-991875825	S2-415643653
S1-219350089	
S1-476026008	
S1-595583207	S2-218204625,S2-380887137,S2-705215197,S2-715871670,S3-33119337,S3-542929287
S1-660977005	S2-335025186
S1-106130112	
S1-383508132	S2-44875347
S1-960747316	S3-22960445,S3-316989129,S3-374035710,S3-811911602
S1-78181547	S2-134528119,S3-110130385,S3-166469939
S1-44674670	S2-235912348,S2-398568465,S2-723992969,S2-962874009
S1-712639027	S3-304334739
S1-875777939	
S1-906720062	S2-135034633,S3-953027677
S1-868609391	S2-716995163,S3-550303365
S1-842551642	
S1-977549219	
S1-345501851	
S1-465557953	S2-380337490,S2-637035013,S2-943805485,S3-412396274,S3-972494986
S1-548433616	S2-580499195,S2-615586385,S3-11519900,S3-317330782
S1-542615632	S2-301346747,S2-468586306,S3-31043964
S1-396150929	
S1-370806262	S2-311209566,S2-848125257,S2-987494138,S3-628962677
S1-149784022	S3-452287724,S3-970241343
S1-208197675	S2-191467698,S2-549510019,S2-803059532
S1-621024	S2-952214786,S3-106912523
S1-479716586	
S1-73366741	
S1-866981273	S2-904325839,S3-99688527
S1-48247433	
S1-139090022	
S1-503254241	S2-466631483,S2-611417535,S3-180251995,S3-352628455,S3-354938903,S3-559397696,S3-587541774
S1-102847291	S2-761067772,S3-719200435,S3-896918489
S1-619110488	S2-828300188,S2-898202676,S3-901496276
S1-623031914	
S1-215270294	S3-732036088
S1-762005078	S2-750793699,S2-864646605,S3-582060418
S1-983603694	S3-236864027,S3-261754931,S3-304223423
S1-437281614	S3-211369934
S1-590781135	S2-153075084,S2-388074335,S2-708944814
S1-423414451	S2-157115001,S2-671513240
S1-847114478	S2-549083582,S3-31417382,S3-469034058,S3-729259453
S1-526334226	S2-407589959,S2-711227408,S3-477707800,S3-5213817,S3-611069625
S1-381894503	S2-104016432,S3-484890428,S3-719591193
S1-313092170	S2-789672123
S1-60876864	
S1-261642209	S2-613574387,S2-964573270
S1-78728267	S3-250187940,S3-768860985
S1-308199161	S2-112483538,S2-226071564,S2-374903438
S1-358927120	S3-147802052,S3-96746280
S1-337122273	
S1-650650055	S2-151082808,S2-394372248,S2-454312855,S3-539777331,S3-644215342,S3-719454268
S1-834257002	S2-329632828,S2-532696465,S3-677107608
S1-937349180	S2-336491925,S3-636253579
S1-725006887	S2-27864753,S3-412921025
S1-820730560	S3-205029637
S1-47803313	S2-174159267,S2-484711393,S3-403085969,S3-438519975,S3-556511876
S1-385569722	S2-595801949,S3-913845405
S1-453884385	S3-302762790
S1-650304466	S2-142780721,S2-842540971
S1-762839052	S2-521903677
S1-550679918	S2-741962438,S2-804398499,S3-510734001,S3-527645230
S1-659666950	
S1-772914073	
S1-860482342	S2-744683107,S2-841825975,S3-677464690
S1-813052697	S3-266163638,S3-563719645
S1-366528589	S2-341544452,S3-239459493,S3-269373616,S3-692951203
S1-720336913	S2-16943696,S2-264383023,S2-475160887
S1-640880009	S2-144777712,S2-998993156
S1-887500171	S2-366323201,S3-784329278
S1-971996731	S2-686992599
S1-104317115	
S1-518257638	
S1-884660527	S2-145842044,S3-32149338,S3-38490669,S3-763465822
S1-910004085	S2-864335198
S1-591894902	S2-522638411,S2-614338178,S3-308159053,S3-326540337
S1-142638295	S2-237661324,S2-461729876,S2-899123465,S3-868858044
S1-950720921	S2-523443947,S2-781635311,S3-350913233
S1-183285524	S3-618630885
S1-714649207	
S1-841168517	S2-900423789,S3-796810596
S1-819898451	
S1-949091955	S3-609791410
S1-552966879	S3-428811585
S1-220057580	S2-721485523,S2-964696089
S1-64462728	S2-104647063,S2-958356631,S2-96025297
S1-807938084	
S1-693870315	
S1-455827432	
S1-527611593	S2-311974636
S1-727773972	S2-580801602,S3-965849434
S1-279446676	S2-75992472,S3-879007585
S1-918109974	S2-177946209,S3-604968655
S1-615018738	S2-110661751,S2-501408343,S2-693064683,S3-263733579
S1-666592077	
S1-509532493	S2-575171623,S3-138608272,S3-667383027
S1-992285010	S2-209420378,S3-216741187,S3-823215288
S1-382076507	S2-98770559
S1-185535466	S2-381918299,S2-594442479,S2-917768056,S3-729323999,S3-993799620
S1-799535694	S2-533198227
S1-598558953	S2-932444510,S3-968292918
S1-222645796	S2-73658068,S2-802513739,S3-561990506,S3-630677920
S1-192481319	
S1-413573159	S3-114162357
S1-782634160	S2-200899200,S2-958316746,S3-435250891,S3-988838457
S1-394334841	S2-838259380
S1-759762834	
S1-653070765	S3-581396784
S1-94096071	S2-403208998,S3-5072979,S3-517316373,S3-920819522
S1-682391735	S2-526071240,S3-965393503
S1-559968662	S2-50618159,S2-805714849,S3-321970595
S1-964877324	S2-265576935,S2-426054187,S2-44484933,S2-524118055,S2-831798734,S3-839348910,S3-9720805
S1-883416047	
S1-182458975	S2-208886077,S2-478735920,S2-526167007,S2-988827186,S3-529429526,S3-671266959
S1-339269492	S3-105839883,S3-22377139
S1-621676240	S2-84870559,S3-328434180
S1-103138354	S2-201768982,S2-884898714,S2-970670539,S3-388231698,S3-531263103,S3-929241215
S1-279963953	S2-74020336,S2-981120565,S3-113718798,S3-286285734
S1-317707487	S2-164517163
S1-391244573	
S1-603458137	
S1-429550703	S2-199724877,S2-40728242,S2-661726688,S2-67903463,S3-413542027
S1-302219416	
S1-693956169	
S1-837916944	S2-298100855,S2-583392216,S3-296834043,S3-904722267
S1-336786786	S3-657582288
S1-800911534	S2-157906621
S1-181883447	S3-289476561
S1-1433093	S2-694334841,S2-749930455
S1-733472967	S2-646220156,S3-926988288
S1-89100953	S2-972087927
S1-848293840	S2-642789912,S2-679649998,S3-200269765,S3-235310721,S3-270115458,S3-495878303,S3-841358941,S3-976990015
S1-17003766	S3-981683052
S1-915512126	S2-519712884,S2-743113214,S3-176140138
S1-901504091	S2-667819447,S3-309654028,S3-383490660,S3-762554889
S1-724741475	S2-155098931,S3-390632769
S1-851421910	S2-422709661,S3-447099211,S3-532090205,S3-994781915
S1-430298053	
S1-307277652	S2-546977368
S1-503010787	S3-539084269
S1-520627257	
S1-667272642	S2-802095609,S3-288436621,S3-827611030
S1-827961773	S2-614356206,S2-776909608
S1-255349799	
S1-418524279	S3-19393151
S1-661144640	
S1-892745196	S2-172985370,S2-555150947,S2-676306549,S2-807384967,S3-257444844,S3-530232127
S1-751409146	S3-229628380,S3-864009858
S1-13506955	S2-182444364,S2-462737651,S2-730414002,S3-359760971
S1-262020943	S2-326037526,S3-337711182,S3-68980950
S1-746909581	S2-262382697
S1-481776787	S2-22325404,S3-422842423
S1-870654726	
S1-459183905	S2-296685026,S2-314676189,S2-940849,S3-216123505
S1-782456413	S2-171354758,S2-272813285
S1-687813152	S3-798873468
S1-528962373	S2-323502734,S3-542715889,S3-852755304
S1-133484055	S2-211962563,S3-834401847
S1-784673398	S3-72841455
S1-162954117	S2-835102949
S1-547053441	S2-441498593,S2-791288454,S3-353412449
S1-302536542	S3-142831455
S1-457601305	S2-673136247,S3-357355808,S3-730458680,S3-880101007
S1-488635826	
S1-349698918	S3-5371667,S3-748902866
S1-72706873	S2-176187828,S2-254553616,S3-263078882,S3-490781512,S3-72404641
S1-78029452	
S1-717385838	S3-552629774
S1-11379912	S2-303691216,S2-635303118,S3-485744950,S3-680233461
S1-655700316	S3-428223938,S3-805064781,S3-839238856
S1-484349079	S3-601415960,S3-640758795
S1-595486290	S2-229398976,S2-40074615,S2-510748973
S1-889012090	S2-620204661,S3-358512104
S1-748500004	S2-165335827
S1-587404171	S2-993678325,S3-112184950
S1-986604838	S3-602859470,S3-86396304,S3-948858105
S1-766408899	S2-241671519,S3-765826338,S3-851195974,S3-886695504
S1-507163415	S2-222304285,S2-293249103,S2-955628052
S1-873761236	
S1-655802552	S2-112263683,S2-661143069
S1-327983313	S2-359606381
S1-77383698	
S1-273531258	
S1-772535560	
S1-598136304	
S1-789788578	
S1-346777444	S2-555447790,S2-896463322,S3-538156079
S1-544222533	S2-265295530,S2-627986347
S1-493959729	S3-773383671
S1-430462466	S2-873269957,S2-964867476
S1-792204527	
S1-788563249	S2-805916277,S3-136073159,S3-875372938
S1-198662647	S2-264873064
S1-431137009	S2-458917662,S2-615119950,S3-149023804,S3-226825490,S3-383791259
S1-22335277	S3-888944724
S1-291584542	
S1-556611862	
S1-32767080	S3-132323777,S3-249785537,S3-553223448,S3-976632560
S1-242691036	
S1-770890247	
S1-276402071	S2-744945916,S3-286516942,S3-567877126
S1-936869465	S2-211051743,S2-876971794
S1-201994316	S2-629267940,S2-9398298,S3-195593554
S1-905520099	S3-631944229
S1-766655509	S2-14965784,S2-151082852,S2-801417839
S1-415414688	S3-351215890
S1-133928599	S2-168720522,S3-157372672
S1-871112769	
S1-948985690	S3-435297936
S1-653149647	S2-106195670,S2-592481835,S2-771594640,S3-654181378
S1-657251225	S2-594468284,S2-911102732,S3-709721988
S1-244474490	S2-727934623,S2-850711259,S3-706227830
S1-857992844	S2-293613144,S2-383169784,S3-159487450,S3-535290704,S3-996390266
S1-197043206	S2-955766080,S3-404963448
S1-269094403	S3-315835824,S3-579698598
S1-355078971	S2-219605461,S2-967043770,S3-259531664,S3-724587187,S3-775158205
S1-51627651	S2-768379176,S3-418649267,S3-986477165
S1-288364156	S2-650050523,S2-905286611,S3-333229631
S1-500222888	
S1-247274429	S3-9265558
S1-260204874	S2-643867241,S3-622057450,S3-753873158,S3-801819397
S1-511066423	
S1-605505884	S2-67625921,S3-486634272
S1-882791035	
S1-868105169	S2-294874898,S2-968505057
S1-764707596	S3-152197289,S3-925445120
S1-962993818	S2-306242416,S3-88886836
S1-608940471	S3-294522941,S3-630874449
S1-346760887	S2-390177264,S2-856893245,S3-241943445,S3-601522286
S1-597621907	
S1-36048451	S2-421365608,S2-798518207,S3-589715619
S1-98985291	
S1-368908513	S2-41708488
S1-504750404	
S1-687138169	S2-347711359,S3-245298540,S3-672052844,S3-802730094
S1-576111952	S3-372012280,S3-58767697,S3-668880039,S3-722309097
S1-907329636	S2-792980931
S1-220372723	S2-828093962,S3-279850472,S3-532711059,S3-615061169
S1-591377734	S3-473420679,S3-869085204
S1-915233460	S2-312521509,S3-441561694,S3-916903152
S1-808794467	S2-28494204,S3-144816318,S3-194019715,S3-887429767
S1-119248132	S3-410239058,S3-870523767,S3-989024758
S1-710758303	S2-182494628,S2-583217668,S2-653826806,S2-77214336
S1-105001584	S2-272302541
S1-382212549	S2-950810866
S1-35578091	
S1-34932143	
S1-545791724	S3-688615955
S1-869422569	S2-996492139
S1-844617434	S2-384128151
S1-488174268	S3-53857032,S3-709307418
S1-963501196	S2-751531434
S1-531518308	S2-744729615,S3-992865752
S1-288588262	S2-505214118
S1-94665545	S3-523271833
S1-460829054	S2-460644550
S1-817207769	S2-151628700,S3-408502038,S3-649629409
S1-923121813	
S1-937797030	
S1-305324409	S2-2568449,S2-538431328,S2-673153688,S2-716339540,S3-983020230
S1-927419156	
S1-261393939	S3-934155210
S1-158003567	
S1-772204055	S2-13831009,S2-54075828,S2-575486031,S3-388664178
S1-901881022	S2-397328817,S2-563621915,S2-829201391,S2-915459582
S1-958709603	S2-217787070,S2-770345966,S3-99342904
S1-864062904	S2-732337462,S3-222114269,S3-82346802
S1-389115869	S3-15587500,S3-440231971
S1-32131273	S3-37999841,S3-616094707
S1-485290093	S2-391470171
S1-449015682	S3-401846060
S1-273693856	S2-474719554,S3-999799258
S1-216847975	S2-857391026
S1-942180728	S2-569178386
S1-704576365	S2-261312440,S3-295120158
S1-706359294	S2-226249663,S2-662224042,S2-833115076,S3-83193807
S1-688852755	S2-327602210,S2-96119259
S1-501963178	
S1-428039663	S2-232069665,S2-299350771,S2-300649735,S3-139699012
S1-394925431	S2-301790862,S2-975551884,S3-549479398,S3-828294643,S3-830009176
S1-29387523	
S1-960221997	S2-446636983,S3-2003041,S3-282611314
S1-369896511	S2-503256370,S3-237385457,S3-404266032
S1-973133967	S3-630872867,S3-856305612,S3-936754916
S1-957109842	S2-392770174,S2-674944206,S2-786869610,S2-895104475,S3-34191363
S1-718126154	S3-424285521,S3-817104725
S1-657028371	S2-438843768,S3-67555623
S1-122221465	S2-30843954,S2-626722746,S3-290887544
S1-241758739	S2-569620637,S2-897389308
S1-292853265	
S1-563412246	S2-80635030,S3-120417277
S1-635915279	S2-304689515,S3-262596726
S1-257953143	
S1-935953663	S2-175441980,S3-445850071
S1-66970748	
S1-613214928	S2-602193104,S2-771376585,S3-119847305,S3-30380418
S1-68168779	S3-61291610
S1-181117450	S2-717260584,S3-331581607,S3-458100315,S3-839136802
S1-337798606	S2-578647913,S2-745088222,S2-965135806
S1-877808612	S3-690283865
S1-991838189	S2-511172751,S3-332214197,S3-637886771,S3-819901051
S1-415245659	S2-881342207,S3-270146427,S3-498659347
S1-860794391	S2-623800632,S2-737047278,S3-7618415
S1-590126941	S2-224325736,S2-316239802,S2-539823656,S2-649078488,S2-826009647,S3-153945319,S3-219891507,S3-499959216
S1-852807313	
S1-643209618	S2-876959001,S3-421937674,S3-642887610
S1-581863940	S2-717056224,S3-757260746
S1-225821819	S2-79048222,S2-998779374,S3-131385733,S3-157104007,S3-285755497,S3-29068970
S1-778630887	S2-8956786,S3-103392578,S3-683393227
S1-377916068	S2-85544731
S1-37907520	S2-644690671
S1-637166800	S3-672609678
S1-352595333	S2-836898663
S1-333194875	S2-844884966,S3-363368257,S3-399657159,S3-872164839
S1-260721574	S2-940550345
S1-677484813	S2-513585161,S2-686217912,S3-131960377,S3-913419135,S3-985253425
S1-568320501	S2-665104789,S3-669726840,S3-681563697
S1-759995112	S2-719065552,S2-832667915,S3-486246546,S3-67786041
S1-443768681	S2-337510589,S3-328796309
S1-170472252	S3-356215358
S1-311511012	S2-874954820
S1-224275529	
S1-427329185	S2-594138380,S2-725027059,S3-669199922
S1-417606815	
S1-488457630	S2-453978657,S3-495442608,S3-992668024
S1-818470647	S2-354167940,S2-619667608,S2-916383707,S3-510083948
S1-534346740	
S1-729626041	S3-823193070
S1-204633959	S2-316618601,S2-558685396
S1-155512047	S2-934683052,S2-946323823,S3-120168094,S3-21973064,S3-389294663,S3-464740711,S3-795234301,S3-815592505
S1-553186193	S2-8894626,S3-517444925
S1-42502314	S2-791975914,S2-805973378,S3-239027294,S3-997439599
S1-317114355	
S1-334574390	
S1-649110450	S3-703016194
S1-533417053	S2-275528779,S2-891850639,S3-367917299,S3-603595544,S3-663983412
S1-152550844	S3-259948008
S1-643493833	
S1-734921625	S2-258649946,S2-395968980,S2-812284224,S3-508957147
S1-68108533	S3-805756321
S1-789286562	S2-135641356,S2-496571830,S3-338322650
S1-493735795	S2-424809744
S1-870309113	S2-575199441,S3-192165399,S3-200795467,S3-209924997,S3-706760438
S1-755184527	S2-521625017,S3-349342382
S1-741750910	
S1-396704474	
S1-77449994	
S1-607302089	S2-172217048,S2-322362124,S3-441341258
S1-80873383	S2-814750802,S2-865167437,S3-431093437,S3-792509030,S3-992155952
S1-194589041	S2-54469895
S1-550464269	S2-101582651,S2-412816698,S2-863734083,S3-765393839
S1-405440827	S3-519696024,S3-534206930,S3-606532087
S1-500922440	S2-807806179,S2-874380773,S3-360140904
S1-111694025	S2-256328866,S2-315885501,S3-654727361
S1-760235082	S2-659486826,S3-223430735
S1-445143782	S2-867585785,S3-519684761
S1-17665971	
S1-131623880	S2-331509491
S1-453383072	S2-324606726,S2-694584321,S2-950608775,S3-514209056,S3-803589384
S1-573827896	S2-333894886,S2-622861417,S2-839509841,S3-867855264
S1-740059747	
S1-979645754	S2-553813720,S3-631581269,S3-956106421
S1-5694837	S3-91486203
S1-895155435	S2-560295438,S3-279771653
S1-552090769	S3-997452390
S1-444520529	S2-156324323,S2-603766581,S2-718766170,S2-982694384,S3-530449927,S3-574471997,S3-897997786
S1-481259122	S2-815121682
S1-170318976	S3-859100872
S1-254586049	S3-664718470
S1-626957328	
S1-820877559	
S1-111296778	S3-208264360
S1-847310129	S2-239734521,S2-867721467,S3-315299900
S1-546941880	S2-465664968,S2-588209695,S3-256519954,S3-894349537,S3-944535436
S1-697980001	S2-238227544,S2-256337315
S1-338401200	S3-104676057
S1-501819870	
S1-541668027	S2-391058869,S2-987475979,S3-239202199,S3-465563371
S1-966492570	
S1-702544592	S2-578946943,S2-626067390,S3-104096227
S1-528495462	
S1-545863954	S2-384442003,S3-178364508
S1-772195807	S2-293394835
S1-603731465	S3-664461935,S3-927982737
S1-453539657	S2-390321835,S3-623621291
S1-46249643	S2-634987820,S2-892346000,S3-782320906
S1-317928365	
S1-735449543	S2-229032336,S2-836095663,S3-633657927,S3-996877728
S1-368898506	S2-584716594,S2-683567547,S3-66904920
S1-39608811	S2-257356782,S2-861470259,S3-639907728
S1-497232093	S2-240364786,S2-784507382,S2-894674584,S3-991632549
S1-740176897	
S1-699373004	S2-209835331,S3-488481179
S1-760964613	S3-878453173,S3-929746741
S1-759533619	
S1-89928972	S2-398401791,S2-519902979,S3-24238944
S1-415302434	S2-579569063,S2-773297543,S2-8286129
S1-397514626	S3-143478814
S1-603295553	S3-676158103
S1-829004597	
S1-340381642	
S1-831508195	
S1-715029307	S2-225811478,S3-198439350
S1-30383410	S3-126971257
S1-267323354	S3-355090287
S1-189661852	S2-484249068,S3-869708060
S1-232418369	
S1-626838100	S2-491397089,S3-245904961,S3-299846123
S1-900373432	S2-51836856,S3-554795898,S3-851101319
S1-322014701	S2-341236819,S3-263575684,S3-662334585
S1-714107578	S2-651375289,S3-611225651
S1-923533895	S2-784805376,S3-819001814,S3-930068406
S1-445155683	S3-840384763
S1-70052354	S2-326675720,S2-460115092,S3-788857721
S1-954767088	S3-229261207
S1-529469516	S2-441388235,S3-982893132
S1-650940902	S3-157011805,S3-672977891
S1-200871763	S3-236014310
S1-674001307	S2-55962040
S1-946578635	S2-357054735,S2-845645834
S1-899271918	
S1-861020733	S3-113295693
S1-669118103	S2-557129215,S3-226386900
S1-473518955	
S1-112878071	
S1-387370379	
S1-591825395	S3-784554592
S1-341836448	
S1-730190320	S2-151812617,S3-418681361,S3-941892917
S1-686724393	
S1-884819027	S2-445942224,S2-731002082
S1-634733706	S2-488392303,S2-844138095,S2-978326084,S3-286984349,S3-315758954,S3-502478930,S3-712344951,S3-798255539,S3-848418540
S1-146764860	
S1-667494116	S2-950562952
S1-644800304	S2-660311712
S1-559176480	S2-359847177,S3-991192862
S1-670613672	S2-785128097,S3-611740776
S1-563834046	
S1-605344566	S2-110089267,S2-3752197,S3-953451980,S3-981731940
S1-45476583	S2-290553057
S1-712193425	
S1-426796552	S2-427604059,S2-712140069,S3-166441420,S3-424921523
S1-358071494	
S1-913184147	S2-644730457
S1-518999749	S2-190531136
S1-142991774	
S1-573105537	S2-714053121,S3-225967634,S3-972895921
S1-402263041	S3-403260526,S3-808460033
S1-852777299	S2-43332315,S3-346024603,S3-62311680
S1-817055009	S3-388561706,S3-736390072
S1-121278089	S2-422870527,S3-210197624,S3-702528466,S3-727918569
S1-34406583	S3-392484536
S1-948206127	
S1-793882586	S2-357415990,S3-372073209,S3-519809101
S1-313423382	S2-209553818
S1-230616179	S2-256241077,S3-712100070
S1-117946977	S2-769341248,S2-919845914,S3-656462681
S1-764467216	S2-73468414,S2-745833963
S1-600671460	S2-247704545
S1-985458663	
S1-998079629	S3-110416886,S3-685478719,S3-779843568
S1-751723139	S2-225029650,S2-845224599,S2-890829870,S3-166177761
S1-984503844	S3-424503610,S3-927462152
S1-436389656	S3-978841330
S1-141582671	
S1-870259303	S2-491755789,S3-271806273,S3-893929029
S1-202627015	S2-132805742,S2-218778690,S2-2833903,S2-378768760,S2-408997030,S2-530247686,S2-662952744,S3-43257763,S3-558983231,S3-64079929,S3-715859049,S3-754466795,S3-939235086
S1-870670114	S2-774095572,S3-548833394
S1-755329516	S3-413876161,S3-918875828
S1-769735105	
S1-545535789	S3-620926611
S1-255512449	S3-633619185,S3-755308092,S3-766384285
S1-479368587	S2-209101791,S2-251633904,S3-885409703
S1-220217287	
S1-445413591	S2-11818511
S1-307330189	S2-479358890,S3-458125156
S1-576221857	S3-164437729,S3-658707298,S3-923674905
S1-540647065	
S1-985849844	
S1-129840509	S2-111062927,S2-368389732,S2-6620342,S3-637131637,S3-836376570
S1-738529927	S2-121519722,S2-574195814,S2-984339199,S3-248012692,S3-368867783
S1-631634336	
S1-620439917	
S1-645673704	S2-141081902,S2-256870070,S2-700807210
S1-366906832	S2-770554644,S2-85797615,S3-172622687
S1-818450767	S2-939922394,S3-743710190
S1-495018313	
S1-236219320	S2-415263004
S1-735494336	S2-287975641,S2-331245541,S2-380942689
S1-313486473	S3-890649267
S1-874756885	
S1-930629318	
S1-211227284	S2-198492308,S3-456966322,S3-794780629
S1-665203072	
S1-990859962	
S1-743413952	S3-790735617
S1-288261457	
S1-325772170	S2-445020737,S2-523029118,S3-808472306
S1-584694385	S3-57784541
S1-196930853	S3-367779605,S3-712188058
S1-383705289	S2-436869419,S2-61720212,S3-9001336,S3-938493457
S1-94503331	S2-405768245,S3-133802843,S3-51375091
S1-647575013	
S1-362900691	S2-212602077,S2-794209313,S3-443855007
S1-743701929	S2-292445445
S1-554606367	S2-199676050
S1-72057324	S3-215934181,S3-232928464,S3-247390892,S3-291583467,S3-442395901
S1-537057658	S3-260620109
S1-863840933	S3-319864576
S1-867937984	S2-35384597,S2-432094365,S2-467238482,S2-683077298,S3-304796871
S1-517585252	
S1-843460748	S2-561464405,S3-360912298,S3-762053699
S1-495431862	
S1-705520087	
S1-629792731	S3-891842016
S1-24190993	S2-54635056,S3-384553783,S3-455532027,S3-592617087
S1-962462371	
S1-891460771	
S1-631267110	S3-201115002,S3-309787814
S1-616328186	S3-129875220,S3-349290189
S1-989458781	S2-762814298
S1-158427430	S2-206732718,S2-230585443,S2-508785670,S3-300030146
S1-943866501	S2-500429185,S2-820926041,S3-403563131,S3-542413395,S3-724521177,S3-777185824,S3-913774965
S1-772390233	S3-798626112
S1-555104163	
S1-634708855	
S1-574838650	S2-492078874,S2-502930865,S2-51215865
S1-454570944	
S1-824705510	S2-778038564,S3-14654268
S1-353555145	S3-751401112,S3-865204287
S1-868191449	S2-818529232,S3-259794781,S3-845378151
S1-207542087	S2-421392795,S2-776747495
S1-128224466	S3-359074651,S3-699769986
S1-437847715	S2-456191599,S2-782841916,S3-469685468,S3-882805779
S1-175897406	S2-94705321,S3-608898889
S1-836657851	S2-252573013,S3-599807224
S1-738388422	
S1-70730985	
S1-913071720	S3-744751229
S1-730858570	S2-384197131,S3-456460189,S3-461185502
S1-890842089	S2-734011922,S2-847650678
S1-755841052	S2-503492870
S1-62406587	S3-716993301
S1-945599294	
S1-282690027	S3-44125147
S1-119471339	S2-610058189,S3-635548831
S1-612238175	
S1-507700514	
S1-507057032	S2-10977605,S2-164639923,S2-753761243,S3-997297456
S1-290658366	
S1-521891133	S2-325250171,S2-622087223,S3-278534575
S1-49325121	
S1-169797977	S3-799196060
S1-44516836	S2-130746145,S3-325045609,S3-79864168
S1-27176967	S3-237948836,S3-846959155,S3-884307855
S1-428409415	S3-509875411
S1-583030458	
S1-659886446	S2-361191864,S2-488627753,S3-814092370
S1-330401139	S2-196677657
S1-928776546	
S1-79493353	S3-169307180
S1-598644426	S3-128896284
S1-491672580	S2-292268375,S2-296083713,S3-819427724
S1-527616111	S2-260263864,S2-575491460,S2-591343801,S3-648529287,S3-73358020
S1-269743554	
S1-737563674	S2-704667925,S3-293745052,S3-505561401
S1-662097139	S2-589769261,S2-884772865,S3-541156867
S1-76227211	S2-963666454,S3-631628736
S1-754443232	S2-197612296,S2-233283535,S2-380674790,S2-626830017,S3-754665463,S3-947730178
S1-541847553	S2-4524326,S3-464125372,S3-620195456,S3-703629333
S1-811085440	S2-414128,S3-642020680
S1-398462363	
S1-310166751	S2-637983097,S3-97219964
S1-258544368	S2-739109181,S3-315188557
S1-29704874	
S1-71390708	
S1-522847261	S2-948892543
S1-209560741	S2-185614681,S3-667600650
S1-76891238	S2-215541922,S2-490465449,S2-754417752
S1-803723987	S2-813700539,S3-780365732
S1-469837394	S2-130564125,S2-320422541,S2-485682182,S2-853240635,S3-88322401
S1-262724894	S2-25450988,S2-707553375,S3-319480330,S3-913294189
S1-789310261	S2-412160272,S2-551094231,S2-752468666,S2-87926059
S1-476233101	S2-411037369,S3-254142731,S3-759495424,S3-820031504
S1-156259591	S2-80238119
S1-148192848	S2-944535843,S3-479167307
S1-253986339	
S1-613788308	S2-395796500
S1-46734148	
S1-925888590	S3-172656528
S1-384391959	S2-283467012,S2-442962909,S2-935118781,S3-712848899
S1-733058423	
S1-335922295	S3-832420825
S1-62369497	
S1-472029773	S2-126209019,S2-771445530
S1-379378394	
S1-802501899	S3-412622440,S3-514315894
S1-404958214	S3-642928231
S1-134964502	
S1-903680191	S3-301064476
S1-746205301	S2-633143249
S1-356330116	S2-72972055,S3-153027663
S1-897438771	S2-669139066,S3-443560965,S3-941488547
S1-216853138	
S1-21010276	S2-296111658
S1-411150863	
S1-721904625	S2-605664528,S2-975516526,S3-3346217
S1-500842861	S3-590665163
S1-519840188	S2-482485298,S2-78013127,S2-855290619,S3-788006933
S1-371172270	S2-744752390,S3-199827436,S3-299348052
S1-146269669	S2-625078734,S2-838770537
S1-640903890	S2-320705190,S2-809866423,S2-862948988,S3-136131916,S3-703258877
S1-579513223	S2-198854446,S3-4595655
S1-834059246	
S1-543738021	S2-212758684,S3-152039747,S3-987525875
S1-464735932	S2-187125528,S2-257281079,S2-283332418,S2-803194809,S2-923146898,S3-28151790,S3-318004513
S1-720494821	S2-944799468
S1-614166527	S3-142827550
S1-330425761	
S1-636382711	
S1-845582955	
S1-864813407	S2-731702306,S2-81286561,S2-939970908,S3-128006463,S3-166496342,S3-214889573
S1-226835563	S2-607860468,S2-867069706,S3-770186621
S1-593083174	S2-342830718
S1-265308634	S2-817544104
S1-342524902	S2-171379851,S3-734972619
S1-313657958	
S1-761368811	
S1-370040082	
S1-30674002	S2-231575030,S2-81183557,S2-971567084,S3-49139242
S1-184326040	S2-59598488,S3-26913471,S3-418626806,S3-528076921,S3-535398546
S1-752875458	S3-406764133
S1-749190987	S3-48118841,S3-668924095,S3-995036409
S1-303885393	S2-348405219,S2-72424740,S3-336437438,S3-537039741,S3-630291944
S1-524471698	
S1-81401869	S2-137814770,S2-85506947,S2-938808823,S3-383442358,S3-586319631
S1-600924899	S2-39385134,S3-180562678,S3-90852182
S1-223740121	S3-219397716
S1-497450389	S3-811154074
S1-951404426	
S1-677361364	S2-632168180,S2-710649780
S1-438605996	S2-588537330,S2-943270728,S3-919405243
S1-669877826	
S1-293244964	S3-638881243,S3-85328531
S1-872080679	S2-86933812
S1-578655170	S2-879387329
S1-855309387	S2-136045611,S2-325405392,S2-82866756,S3-201603103
S1-849800146	S2-742061876,S2-757323825,S3-153492696,S3-154978895,S3-228825870
S1-950006929	S2-10124068,S3-734544839
S1-477543769	
S1-533947051	S2-283029724,S2-349077322,S2-554951079,S2-629442002,S2-894699730,S3-304877707,S3-463442683,S3-660918862,S3-679793442,S3-716540406,S3-781586296,S3-961195907
S1-689992280	S2-506140408
S1-827116132	S3-125694775,S3-693759955
S1-130033627	S3-267592475,S3-30724476
S1-200328362	S2-722016423,S3-410256963
S1-822365624	
S1-973488776	S2-331875148,S2-896143076,S3-510291344,S3-895757711
S1-13451015	S2-964324233,S3-382745153,S3-415575161,S3-521448742,S3-832357145
S1-618510970	S2-594160243,S2-866641098,S3-126825632,S3-142963683
S1-452851960	S3-397814546
S1-725672126	S2-316587899,S2-550315638,S2-773741389,S2-867414471,S3-632481830
S1-371215032	S2-259824650,S3-152625129
S1-880149151	
S1-704316296	
S1-491775540	S2-641047503
S1-503016984	S3-639322218
S1-446731231	S3-537033624
S1-908289013	S3-458990562,S3-683197953
S1-450337428	S3-722440900,S3-764964255
S1-29596643	S2-136461683
S1-601561210	S2-233269551
S1-597171150	S2-284355176,S3-656504297
S1-754410830	S2-931055519
S1-995936163	S2-366970567
S1-990991704	
S1-52033338	S2-787924943,S3-115458630,S3-319748046
S1-717480913	S2-564474227,S2-868814399
S1-699194125	S2-233939017,S2-987382970,S3-111325422,S3-566016345
S1-685163224	
S1-185787384	S3-383192789,S3-792655822
S1-263986904	S2-15955960
S1-109940605	S2-119326035,S2-664624539,S3-947165787
S1-109569754	S3-131814953
S1-161663716	S2-50395656
S1-162695461	
S1-648022940	
S1-807531920	S2-771210692,S3-193554199,S3-340122687,S3-372222854,S3-478581526,S3-726859407,S3-751285280
S1-622031313	
S1-147548498	
S1-26628666	S2-657025003,S2-853195812,S3-635953835
S1-240414034	S2-334267253,S2-910853463,S3-235249310,S3-252977477,S3-383492855,S3-401022861,S3-837972700
S1-377471644	S2-96739947,S3-106044742
S1-795051867	
S1-518221826	S2-35779504,S2-648861555,S2-755763824,S3-102493433,S3-371534378
S1-569486927	
S1-788480541	S2-518905841,S2-606477731,S2-945279843,S3-166635413
S1-650931728	S2-662241113,S3-296695732,S3-362323758
S1-949970105	S3-90477790
S1-224442543	S2-200567587,S2-314201561,S3-478128761,S3-640882566
S1-262086042	S2-325956139,S2-702736058,S2-942487517,S3-563466553,S3-855159117
S1-539063080	S2-550406141,S3-756490712,S3-846387747
S1-758070549	S2-570729001,S3-307632812
S1-102067063	S2-357172381,S3-281438714
S1-232798487	S3-859179571
S1-105827392	S2-179405645,S2-517494244,S2-639948028,S2-782797861,S3-887977648
S1-906803032	S2-104551846
S1-42258623	S2-486211996
S1-578070457	S2-376462529,S2-846405443,S3-294093770
S1-179448674	S2-671215621,S3-914736234
S1-377942865	
S1-117124656	S2-273609983,S3-305111733
S1-993829678	S2-420016120
S1-170883326	S2-22761429,S2-485057790,S2-635063335
S1-966166665	S2-525418983,S2-942209677,S3-652537373
S1-168402024	S3-152839170,S3-284046171
S1-432612382	S2-783613714
S1-106694036	S3-642397178
S1-860696171	S3-135093994,S3-571593004
S1-947779057	S3-54066974,S3-958089258
S1-478187960	
S1-901582927	S2-506768218,S3-116874475,S3-552737308,S3-791336529
S1-903791016	S2-314493753,S3-179758198
S1-11483643	S2-302671464,S3-929946752,S3-946638461
S1-347810367	S2-427964956,S3-2965120
S1-557169552	S2-788920987,S2-985380205,S3-224345630
S1-618760923	
S1-342769339	S2-952719773
S1-533988643	S2-446713549,S2-92851629,S3-51652890,S3-88429195
S1-683869141	
S1-293619205	S2-447500848
S1-896292297	S2-676205298
S1-926971348	S2-390350294,S2-585844269,S3-214720915
S1-329066163	S2-441135875,S3-303197693
S1-658544337	
S1-137870529	S2-130309662
S1-486008614	S2-31083507
S1-935841397	S3-749396986
S1-326846186	S3-438011062,S3-689813159
S1-711330965	S2-900320688
S1-722405675	S3-227661280,S3-71413445,S3-980957692
S1-463287529	S3-852581654
S1-149411806	S2-238743567,S2-963007737,S3-676886341,S3-95538214
S1-541361289	S2-368587285,S3-575630421
S1-977429262	S2-604123258,S3-416374045
S1-11172779	S2-141803548,S2-485253157,S3-501655054
S1-350174317	
S1-279892562	S2-320745986,S3-538984054
S1-822292739	S2-545118007
S1-272127430	
S1-667764898	S2-67091173,S3-567299923
S1-581382815	S3-344112218
S1-473952711	
S1-221315364	S3-21431721
S1-250931789	S2-297683064,S3-255386124,S3-870553450
S1-598934460	S2-869410128,S2-990655460,S3-383233246,S3-478050976,S3-51805508,S3-592572841
S1-584697437	S2-942646919
S1-405602194	S2-188423769,S2-504907221,S3-897523996
S1-608664540	
S1-84451840	
S1-167638623	S2-407365915,S3-970761312
S1-956897563	
S1-729467781	S2-606128538,S2-656934262,S2-835409297,S2-902514914
S1-80773469	S2-402517287,S3-132664075,S3-160058942,S3-771895116
S1-513599911	S2-723063286,S2-922373960,S3-499529172
S1-533522938	S2-422821371,S3-447923876,S3-785749666
S1-581757578	S2-16870152,S2-664940580,S3-84411421
S1-657558693	S2-386313355,S3-357397959
S1-402494925	S2-109591901,S3-214392429,S3-540695178,S3-606940916
S1-387016214	
S1-266555379	S2-433830808,S2-68320231,S3-470118490,S3-975391065
S1-669776689	S2-433721543,S2-866913908,S2-884317867,S3-282799643,S3-495575651
S1-225034106	S2-613540538
S1-751033619	S2-571521660,S2-878641562,S3-351742826,S3-711369345,S3-922214514
S1-976424391	S2-665347227
S1-519677292	S3-327742420,S3-60592553
S1-443534708	S3-479276420
S1-382169090	S2-671058356,S2-686536301,S2-995829620,S3-12690867,S3-435268829
S1-790517362	
S1-880615423	S3-612644897,S3-686532744,S3-9227717
S1-449179193	
S1-48180936	S2-495786890,S2-562867381
S1-427642601	S2-452511286,S2-749650028,S3-541963415,S3-586779659
S1-912943762	S3-861726710,S3-909182762
S1-671491624	
S1-55716966	S2-67046058
S1-98549181	S2-854294190,S3-237219664,S3-3843630,S3-512221858
S1-815606753	S2-188983962,S2-632563639
S1-407721399	S2-356029080,S3-698222925
S1-796461188	S2-575081886,S2-609495812,S2-767017763,S3-483224574
S1-959883069	S3-719485234
S1-166391907	S2-424218928,S2-59793603,S2-901482866,S3-360424192
S1-726276781	S2-608234908,S2-796924756,S3-72081782
S1-120806394	S2-190639422,S2-578210575,S2-768620537,S3-692123906
S1-391836868	S2-267527267,S2-498420659,S2-910918779,S3-33226276
S1-200079725	S2-13155039,S2-18812099,S2-419074899
S1-765276200	
S1-899317092	S2-308328275,S3-751418656
S1-775310986	S2-319689766,S2-680580188
S1-305472241	S2-141978126,S3-639490618
S1-865063383	S2-516495754
S1-264694687	S2-460722696,S2-63705596,S3-724878495,S3-763121272
S1-526715015	S2-86943486,S3-675778260
S1-299047552	
S1-983022047	S2-38145380,S3-586188414,S3-626620494,S3-757450407
S1-864843313	S2-312856786,S3-137127517,S3-760309210
S1-301477237	S2-314962734,S2-569926722
S1-673136886	
S1-230813348	
S1-404917346	
S1-672593972	S2-227896343,S2-854044675
S1-541465582	S2-133718208,S2-211306217,S2-720497519,S3-834913116
S1-703209922	S2-365461439,S2-37389388,S2-790554646
S1-985578465	S3-90402789
S1-602902072	S3-419503276
S1-487057151	S3-302508124
S1-736800651	S2-101547600,S3-711655000
S1-935703327	S2-130147955
S1-308849584	
S1-61384671	S3-111875584,S3-579622600
S1-852148273	S2-953178347,S3-966266387
S1-787461836	S2-419987195,S2-4288004,S2-615445490,S2-665710869,S2-69522069,S2-975763839,S3-418609322,S3-869123474
S1-629887537	S2-347423386,S2-401918355,S2-857224554
S1-71595254	S2-954791891,S3-81258170,S3-959788930
S1-140373393	S2-655282381,S3-758007664
S1-712418507	S2-231847310,S2-986645713
S1-515072958	S2-10742906,S2-192790494,S3-254515323,S3-630649001
S1-197280203	S3-453347329,S3-982991317
S1-794806928	S2-956268185
S1-195675964	S2-79038929,S3-306293324
S1-245620451	S2-310723739,S2-401019933,S2-697870384,S3-674696049
S1-402387176	
S1-218107486	S2-449088274
S1-899593553	S3-693414246,S3-934549146
S1-103648967	
S1-186871220	S2-581270995
S1-856200540	S2-210749977
S1-952064431	
S1-15967051	S2-817556800
S1-499785692	S2-198866483
S1-954789288	S2-580357277
S1-543400611	S2-718754145,S3-494308528
S1-552047258	S2-12791613,S2-438213269,S2-67380924,S2-980569997,S3-428514109,S3-496906998,S3-595803286,S3-80445728
S1-654184515	S2-833616678
S1-276858394	S3-795106501
S1-533888847	S2-763711714,S3-128771145,S3-580246735
S1-323057996	S2-658616975,S3-394271549
S1-320086079	
S1-855616906	S2-752426483,S2-81359118,S3-132993490,S3-898540106
S1-744754397	S2-312033138,S3-513957230,S3-723527328
S1-152508801	S3-102852571,S3-862356466
S1-307615125	S2-30419437,S2-47877274,S3-581938595,S3-841161709,S3-92758893
S1-143536197	
S1-618419675	S3-178206706,S3-396399117,S3-81971153,S3-911538155
S1-259620026	S2-807337566
S1-584838253	S3-40704067,S3-878153677
S1-39575732	S2-133583268,S3-597984760
S1-692949559	S3-24622475
S1-777929094	S2-56758149,S3-27489952
S1-31931266	S2-648872469,S3-265514246
S1-337081657	S3-449694576
S1-478404464	
S1-916370847	S2-551906016,S2-571700211
S1-373387246	S2-186451971,S2-52734457,S3-110236940,S3-959313455
S1-769814533	S3-75286254
S1-423303116	S2-679028686,S2-738785346,S2-985128408,S3-104737230,S3-143856842,S3-152194898,S3-43957066
S1-765122448	
S1-143143410	
S1-45193124	
S1-957659829	
S1-783895442	S2-530055302,S2-690594785,S3-689256824,S3-890671576
S1-241194969	
S1-906946241	S3-436122582,S3-763658961
S1-660027440	S2-773501319,S3-371678880,S3-82564698,S3-845975647
S1-461670379	
S1-985740908	S2-351758526
S1-870743390	
S1-575174642	S2-112719774,S2-130050780,S2-92323907,S3-690452252
S1-828526849	S2-832686081
S1-670774972	
S1-222836798	S3-27424026,S3-493487022,S3-993019382
S1-941927098	S2-342345469,S3-962332856
S1-36050400	S2-135326945,S3-362041243,S3-890622316
S1-480447397	
S1-810784492	
S1-311974093	S3-829599479,S3-871819463
S1-59070872	S2-895657665,S3-173552811,S3-775862459,S3-891118755
S1-226072612	S2-581710799,S3-306917068,S3-731335463
S1-142032781	
S1-45340570	S3-253379044
S1-917054737	S2-121218781,S2-317498395,S3-340086735,S3-467282938
S1-740535429	S3-712467869
S1-547382550	
S1-705324532	S2-23501635,S2-590680320,S3-555336504,S3-795164347
S1-754493357	
S1-831250685	
S1-522913763	S2-919410954,S3-287596947,S3-628286939,S3-784213896
S1-934216469	S2-457771032,S3-467902255
S1-860733442	
